{"cameraMode":{"drawMode":0,"name":"Shaded","section":"Shading Mode"},"sceneLighting":false,"audioPlay":false,"sceneViewState":{"showFog":true,"showMaterialUpdate":false,"showSkybox":false,"showFlares":true,"showImageEffects":true,"showParticleSystems":true},"in2DMode":false,"pivot":{"x":20.170108795166017,"y":-1.4309558868408204,"z":3.7763195037841799},"rotation":{"x":-0.04056102782487869,"y":0.9309922456741333,"z":-0.34598076343536379,"w":-0.10914193838834763},"size":33.471946716308597,"orthographic":false}